N° de la commande;Date de la commande;Libellé famille;Libellé sous-famille;Libellé article;Qté commandée;Qté livrée;Prix unitaire;Statut
811196;24/04/2014;QUINCAILLERIE EQUIPEMENT;Films plastiques;FILM ENSIL ENSIGAMM 14m;1,00;1,00;79,35;Liquidé
811196;24/04/2014;QUINCAILLERIE EQUIPEMENT;Films plastiques;FILM ENSIL ENSIGAMM 10m;1,00;1,00;79,35;Liquidé
811196;24/04/2014;QUINCAILLERIE EQUIPEMENT;Films plastiques;FILM ENSIL ENSIGAMM 8M;1,00;1,00;79,35;Liquidé
811196;24/04/2014;ALIMENTS;Minéraux sel blocs;SEL MER ESSORE LA BALEINE  SAC 25KG;0,10;0,10;229;Liquidé
801061;11/04/2014;PHYTOSANITAIRES;Herbicides céréales et fouragères;BOFIX 5 L;5,00;5,00;12,92;Liquidé
794282;04/04/2014;FERTILISANTS;Engrais;AMMONITRE 33,5%    BB;3,60;3,60;349;Liquidé
782578;20/03/2014;SEMENCES;Orge printemps;OP S TRAVELER R1 CEL ORGE NET S25KG;2,50;2,50;85;Liquidé
782578;20/03/2014;SEMENCES;Protéagineux;POIS S KAYANNE PRINT. WAKIL XL  R1 S25KG;11,00;11,00;99,8;Liquidé
782578;20/03/2014;PHYTOSANITAIRES;Herbicides tournesol;NIKEYL 5 L;15,00;15,00;22,61;Liquidé
61528180;20/03/2014;SEMENCES;Protéagineux;POIS S KAYANNE PRINT. WAKIL XL  R1 S25KG;-1,25;-1,25;99,8;Liquidé
779985;17/03/2014;PHYTOSANITAIRES;Herbicides céréales et fouragères;BOFIX 20 L;40,00;40,00;12,42;Liquidé
779985;17/03/2014;PHYTOSANITAIRES;Herbicides céréales et fouragères;MADIT DISPERSION 20 L;20,00;20,00;11,51;Liquidé
774611;11/03/2014;PHYTOSANITAIRES;Herbicides céréales et fouragères;MADIT DISPERSION 20 L;20,00;20,00;11,51;Liquidé
774611;11/03/2014;PHYTOSANITAIRES;Herbicides céréales et fouragères;MATIN EL 10 L;10,00;10,00;11,51;Liquidé
774611;11/03/2014;PHYTOSANITAIRES;Herbicides céréales et fouragères;ATLANTIS WG 3 KG;3,00;3,00;121,07;Liquidé
774611;11/03/2014;PHYTOSANITAIRES;Herbicides céréales et fouragères;BOFIX 20 L;60,00;60,00;12,42;Liquidé
774611;11/03/2014;PHYTOSANITAIRES;Adjuvants;MIX-IN 5 L;10,00;10,00;3,18;Liquidé
754224;29/01/2014;FERTILISANTS;Engrais;AMMONITRE 33,5%    VR;15,00;12,06;335;En cours
754224;29/01/2014;FERTILISANTS;Engrais;UREE GR VRAC;5,00;4,20;394;En cours
751490;21/01/2014;PHYTOSANITAIRES;Fongicides céréales;AVIATOR XPRO 5L;30,00;30,00;72,17;Liquidé
751490;21/01/2014;PHYTOSANITAIRES;Fongicides colza;PROSARO 5 L;10,00;10,00;50,44;Liquidé
751490;21/01/2014;PHYTOSANITAIRES;Herbicides tournesol;NIKEYL 5 L;15,00;15,00;21,05;Liquidé
751490;21/01/2014;PHYTOSANITAIRES;Herbicides maïs;ELITE 4 SC 5 L;10,00;10,00;20,39;Liquidé
751490;21/01/2014;PHYTOSANITAIRES;Herbicides maïs;CALLISTO 5 L;15,00;15,00;45,78;Liquidé
751490;21/01/2014;PHYTOSANITAIRES;Fongicides divers;FUNGISTOP FL 5 L;15,00;15,00;9,45;Liquidé
751490;21/01/2014;SEMENCES;Maïs classe a;MA.LG3490  50MG;10,00;10,00;101,96;Liquidé
751490;21/01/2014;SEMENCES;Maïs classe a;MA.LG3490 SONIDO D50MG;6,00;6,00;135,94;Liquidé
751490;21/01/2014;SEMENCES;Maïs classe a;MA.AALLEXIA      50MG;4,00;4,00;105,45;Liquidé
751490;21/01/2014;SEMENCES;Maïs classe a;MA.BERGXXON DUO 50MG;4,00;4,00;105,83;Liquidé
751490;21/01/2014;SEMENCES;Maïs classe a;MA.BERGXXON DUO SONIDO D50MG;4,00;4,00;139,82;Liquidé
751491;21/01/2014;SEMENCES;Divers;SORGHO ENSILAGE BMR 333    220MG;7,00;0,00;89,75;A livrer
751491;21/01/2014;PHYTOSANITAIRES;Herbicides autres;BOA 3 L;6,00;0,00;71,44;A livrer
751499;21/01/2014;SEMENCES;Protéagineux;POIS S KAYANNE PRINT. WAKIL XL  R1 S25KG;11,00;0,00;99,8;Liquidé
745699;06/01/2014;ANALYSE;Sol;ANALYSE AGROS.COMPL GC .PREL TELEV;4,00;4,00;83,7;Liquidé
741440;17/12/2013;ALIMENTS;Minéraux sel blocs;SEL MER ESSORE LA BALEINE  SAC 25KG;0,10;0,10;229;Liquidé
737432;06/12/2013;SEMENCES;Blé dur;BD S TABLUR R1 GAU+RED 25KG;4,00;4,00;117,95;Liquidé
737432;06/12/2013;SEMENCES;Blé dur;BD S TABLUR R1 CEL GOLD NET 25KG;0,75;1,00;96,95;Liquidé
737432;06/12/2013;SEMENCES;Blé dur;BD S TABLUR R1 GAU+RED 25KG;0,25;0,25;117,95;Liquidé
61502628;06/12/2013;SEMENCES;Blé dur;BD S TABLUR R1 CEL GOLD NET 25KG;-0,25;-0,25;96,95;Liquidé
61500205;04/12/2013;SEMENCES;Blé tendre;BTH S CAPHORN R1 GAU+RED 25KG;-0,25;-0,25;88,92;Liquidé
61500205;04/12/2013;SEMENCES;Blé tendre;BTH S ASCOTT R1 GAU+ RED S25KG;-1,00;-1,00;89,91;Liquidé
61500205;04/12/2013;SEMENCES;Blé tendre;BTH S RUBISKO R1 GAU + RED S25KG;-3,50;-3,50;90,89;Liquidé
722453;29/10/2013;PHYTOSANITAIRES;Anti-limaces;METAREX INO 20 KG;20,00;20,00;5,2;Liquidé
721521;25/10/2013;PHYTOSANITAIRES;Anti-limaces;METAREX INO 20 KG;40,00;40,00;5,2;Liquidé
721521;25/10/2013;SEMENCES;Orge hiver escourgeon;ESC S ETINCEL R1 GAU+RED S25KG;0,75;0,75;97,4;Liquidé
719109;21/10/2013;SEMENCES;Divers;AVOINE D'HIVER UNE DE MAI RED 25KG;6,50;6,50;90,8;Liquidé
718600;18/10/2013;PHYTOSANITAIRES;Anti-limaces;METAREX INO 20 KG;60,00;60,00;5,2;Liquidé
717738;17/10/2013;QUINCAILLERIE EQUIPEMENT;Films plastiques;FILM ENSIL ENSIGAMM 12m;1,00;1,00;78,15;Liquidé
713343;07/10/2013;FERTILISANTS;Engrais;SUPER 46% GR.      VR;2,00;2,00;383;Liquidé
713343;07/10/2013;FERTILISANTS;Engrais;CHLORURE 60% GR    VR;4,00;4,00;345;Liquidé
713343;07/10/2013;LOGISTIQUE AGROFOURNITURES;Mélange;MELANGE ENGRAIS;6,00;6,00;7,6;Liquidé
713343;07/10/2013;LOGISTIQUE AGROFOURNITURES;Location semoir;LOC.SEMOIR ENGR.COOP;6,00;6,00;7;Liquidé
711365;01/10/2013;PHYTOSANITAIRES;Anti-limaces;METAREX INO 20 KG;20,00;20,00;5,2;Liquidé
709286;26/09/2013;LOGISTIQUE AGROFOURNITURES;Location semoir;LOC.SEMOIR ENGR.COOP;29,66;29,66;7;Liquidé
702922;11/09/2013;SEMENCES;Orge hiver escourgeon;ESC S ETINCEL R1 GAU+RED S25KG;9,00;9,00;95,45;Liquidé
702922;11/09/2013;SEMENCES;Blé dur;BD S MIRADOUX R1 CEL GOLD NET 25KG;13,50;11,50;91,21;Liquidé
702922;11/09/2013;SEMENCES;Blé tendre;BTH S CAPHORN R1 GAU+RED 25KG;11,00;11,00;88,93;Liquidé
702922;11/09/2013;SEMENCES;Blé tendre;BTH S EUCLIDE R1 GAU+RED 25KG;17,00;17,00;86,2;Liquidé
702922;11/09/2013;SEMENCES;Blé tendre;BTH S ASCOTT R1 GAU+ RED S25KG;3,00;3,00;89,91;Liquidé
702922;11/09/2013;SEMENCES;Blé tendre;BTH S RUBISKO R1 GAU + RED S25KG;3,50;3,50;90,89;Liquidé
703027;11/09/2013;QUINCAILLERIE EQUIPEMENT;Films plastiques;FILM ENSIL ENSIGAMM 10m;1,00;1,00;78,15;Liquidé
703027;11/09/2013;QUINCAILLERIE EQUIPEMENT;Films plastiques;FILM ENSIL ENSIGAMM 8M;1,00;1,00;78,15;Liquidé
703027;11/09/2013;ALIMENTS;Minéraux sel blocs;SEL MER ESSORE LA BALEINE  SAC 25KG;0,10;0,10;229;Liquidé
680751;22/07/2013;FERTILISANTS;Engrais;AMMONITRE 33,5%    VR;1,40;1,40;387;Liquidé
666952;26/06/2013;QUINCAILLERIE EQUIPEMENT;Ficelles;FICELLE FILOGAMM  350  BOB 5KG;4,00;4,00;11,25;Liquidé
666952;26/06/2013;ALIMENTS;Minéraux sel blocs;SEL MER ESSORE LA BALEINE  SAC 25KG;0,03;0,03;229;Liquidé
657954;12/06/2013;FERTILISANTS;Engrais;UREE GR VRAC;3,02;3,02;399;Liquidé
654311;07/06/2013;PHYTOSANITAIRES;Anti-limaces;METAREX RG TDS 20KG;2,00;2,00;100,99;Liquidé
654311;07/06/2013;QUINCAILLERIE EQUIPEMENT;Recyclage;SAC ADIVALOR 500L;1,00;1,00;0;Liquidé
648607;30/05/2013;SEMENCES;Maïs classe a;MA.DKC 3912 50MGR;2,00;2,00;106,75;Liquidé
648873;30/05/2013;PHYTOSANITAIRES;Herbicides tournesol;MERCANTOR GOLD 5 L;5,00;5,00;23,33;Liquidé
648873;30/05/2013;PHYTOSANITAIRES;Herbicides tournesol;NIKEYL 5 L;15,00;15,00;22,24;Liquidé
648895;30/05/2013;ALIMENTS;Céréales;BLE EN 25 KG CRAFT;2,00;2,00;9,05;Liquidé
642559;23/05/2013;FERTILISANTS;Engrais;AMMONITRE 33,5%    VR;1,58;1,58;387;Liquidé
638000;16/05/2013;PHYTOSANITAIRES;Fongicides céréales;AVIATOR XPRO 5L;5,00;5,00;75,97;Liquidé
634407;13/05/2013;PHYTOSANITAIRES;Herbicides céréales et fouragères;AXIAL PRATIC 5 L;10,00;10,00;35,5;Liquidé
634407;13/05/2013;PHYTOSANITAIRES;Adjuvants;supprime/CANTOR 3 L;3,00;3,00;26,6;Liquidé
634407;13/05/2013;QUINCAILLERIE EQUIPEMENT;Films plastiques;FILM ENSIL ENSIGAMM 8M;1,00;1,00;78,15;Liquidé
634407;13/05/2013;ALIMENTS;Minéraux sel blocs;SEL MER ESSORE LA BALEINE  SAC 25KG;0,03;0,03;229;Liquidé
634407;13/05/2013;PHYTOSANITAIRES;Anti-limaces;METAREX RG TDS 20KG;4,00;4,00;100,99;Liquidé
634407;13/05/2013;SEMENCES;Tournesol oléique;TO.OL FERTI     150MG;2,00;2,00;226,04;Liquidé
632118;07/05/2013;FERTILISANTS;Engrais;AMMONITRE 33,5%    VR;5,64;5,64;387;Liquidé
626949;30/04/2013;QUINCAILLERIE EQUIPEMENT;Films plastiques;FILM ENSIL ENSIGAMM 8M;1,00;1,00;78,15;Liquidé
626949;30/04/2013;QUINCAILLERIE EQUIPEMENT;Films plastiques;FILM ENSIL ENSIGAMM 14m;1,00;1,00;78,15;Liquidé
626949;30/04/2013;PHYTOSANITAIRES;Adjuvants;TECHNOMOUSSE 500 ML;1,00;1,00;20,4;Liquidé
626949;30/04/2013;PHYTOSANITAIRES;Anti-limaces;EXTRALUGEC TECHN'O 15KG;15,00;15,00;4,58;Liquidé
626949;30/04/2013;ALIMENTS;Minéraux sel blocs;SEL MER ESSORE LA BALEINE  SAC 25KG;0,03;0,03;229;Liquidé
616329;18/04/2013;PHYTOSANITAIRES;Herbicides céréales et fouragères;BOFIX 20 L;20,00;20,00;11,23;Liquidé
611511;15/04/2013;PHYTOSANITAIRES;Fongicides céréales;BELL STAR 5 L;10,00;10,00;35,69;Liquidé
611511;15/04/2013;QUINCAILLERIE EQUIPEMENT;Recyclage;SAC ADIVALOR 500L;2,00;2,00;0;Liquidé
598760;27/03/2013;PHYTOSANITAIRES;Herbicides céréales et fouragères;ATLANTIS WG 600 GR;2,00;2,00;77;Liquidé
598760;27/03/2013;FERTILISANTS;Engrais;AMMONITRE 33,5%    VR;3,50;3,50;387;Liquidé
597421;26/03/2013;PHYTOSANITAIRES;Herbicides céréales et fouragères;CHARDEX 5 L;5,00;5,00;11,65;Liquidé
597428;26/03/2013;FERTILISANTS;Engrais;AMMONITRE 33,5%    VR;5,02;5,02;387;Liquidé
597567;26/03/2013;PHYTOSANITAIRES;Herbicides céréales et fouragères;PRESITE SX  300G;1,00;1,00;86,12;Liquidé
589873;15/03/2013;PHYTOSANITAIRES;Herbicides céréales et fouragères;PRESITE SX  300G;2,00;2,00;86,12;Liquidé
589873;15/03/2013;PHYTOSANITAIRES;Herbicides céréales et fouragères;MEXTRA 5 L;15,00;15,00;19,1;Liquidé
589873;15/03/2013;PHYTOSANITAIRES;Herbicides céréales et fouragères;ATLANTIS WG 600 GR;3,00;3,00;76,99;Liquidé
589873;15/03/2013;PHYTOSANITAIRES;Adjuvants;MIX-IN 5 L;10,00;10,00;3,18;Liquidé
589873;15/03/2013;ALIMENTS;Céréales;BLE EN 25 KG CRAFT;1,00;1,00;8,85;Liquidé
589873;15/03/2013;ALIMENTS;Céréales;MAIS EN 25 KG CRAFT;1,00;1,00;8,55;Liquidé
583462;06/03/2013;PHYTOSANITAIRES;Herbicides céréales et fouragères;ATLANTIS WG 3 KG;3,00;3,00;119,07;Liquidé
583462;06/03/2013;PHYTOSANITAIRES;Herbicides céréales et fouragères;MEXTRA 5 L;5,00;5,00;19,1;Liquidé
583462;06/03/2013;PHYTOSANITAIRES;Herbicides céréales et fouragères;CHARDEX 5 L;15,00;15,00;11,65;Liquidé
581164;04/03/2013;FERTILISANTS;Engrais;AMMONITRE 33,5%    VR;7,02;7,02;387;Liquidé
581613;04/03/2013;FERTILISANTS;Engrais;AMMONITRE 33,5%    VR;2,60;2,60;387;Liquidé
572821;19/02/2013;PHYTOSANITAIRES;Herbicides céréales et fouragères;KALAO D+ 5 L;5,00;5,00;17,97;Liquidé
572821;19/02/2013;PHYTOSANITAIRES;Herbicides céréales et fouragères;CHARDEX 5 L;30,00;30,00;11,65;Liquidé
559362;17/01/2013;SEMENCES;Divers;SORGHO ENSILAGE BMR 333    220MG;8,00;8,00;81;Liquidé
559362;17/01/2013;PHYTOSANITAIRES;Herbicides autres;BOA 3 L;6,00;6,00;71,44;Liquidé
558296;15/01/2013;SEMENCES;Maïs classe a;MA.BERGXXON DUO 50MG;8,00;8,00;102,84;Liquidé
558296;15/01/2013;SEMENCES;Maïs classe a;MA.SHANNON  50MG;2,00;2,00;99,44;Liquidé
558296;15/01/2013;SEMENCES;Maïs classe a;MA.LG3490  50MG;10,00;10,00;104,29;Liquidé
558296;15/01/2013;SEMENCES;Maïs classe a;MA.BOOMER 50MG;4,00;4,00;105,26;Liquidé
558296;15/01/2013;PHYTOSANITAIRES;Fongicides céréales;ADEXAR 5L;35,00;35,00;53,58;Liquidé
558296;15/01/2013;PHYTOSANITAIRES;Fongicides colza;PROSARO 5 L;5,00;5,00;49,45;Liquidé
558296;15/01/2013;PHYTOSANITAIRES;Herbicides maïs;BOA 5 L;5,00;0,00;71,44;Supprimé
558296;15/01/2013;PHYTOSANITAIRES;Herbicides maïs;BROMOTRIL 225 5 L;15,00;15,00;24,44;Liquidé
558296;15/01/2013;PHYTOSANITAIRES;Herbicides maïs;ELITE 4 SC 5 L;15,00;15,00;20,06;Liquidé
558296;15/01/2013;PHYTOSANITAIRES;Herbicides maïs;CALLISTO 5 L;5,00;5,00;44,61;Liquidé
558296;15/01/2013;PHYTOSANITAIRES;Herbicides maïs;CONQUERANT 2 KG;4,00;4,00;70,32;Liquidé
558296;15/01/2013;SEMENCES;Divers;SORGHO ENSILAGE BMR 333    220MG;8,00;0,00;81;Supprimé
558297;15/01/2013;PHYTOSANITAIRES;Fongicides céréales;BELL STAR 5 L;35,00;0,00;35,69;Liquidé
557836;14/01/2013;ALIMENTS;Céréales;BLE EN 25 KG CRAFT;2,00;2,00;9,5;Liquidé
549492;12/12/2012;ALIMENTS;Chevaux;DESTRIER CLUB 25KG;0,05;0,05;418,88;Liquidé
543638;26/11/2012;SEMENCES;Blé tendre;BTH S EUCLIDE R1 GAU+RED 25KG;1,00;1,00;94,6;Liquidé
542000;22/11/2012;SEMENCES;Blé tendre;BTH S EUCLIDE R1 GAU+RED 25KG;2,25;2,25;94,6;Liquidé
542000;22/11/2012;PHYTOSANITAIRES;Anti-limaces;MESUROL PRO 5 KG;20,00;20,00;9,9;Liquidé
539337;16/11/2012;SEMENCES;Blé tendre;BTH S CAPHORN R1 GAU+RED 25KG;0,50;0,50;94,6;Liquidé
539756;16/11/2012;SEMENCES;Blé tendre;BTH S CAPHORN R1 CEL GOLD NET 25KG;0,25;0,25;71,92;Liquidé
537983;14/11/2012;PHYTOSANITAIRES;Herbicides céréales et fouragères;KALAO D+ 5 L;10,00;10,00;17,47;Liquidé
537983;14/11/2012;PHYTOSANITAIRES;Nettoyants;HIVERNAGE PULVERISATEUR 10L;10,00;10,00;2,75;Liquidé
526214;15/10/2012;ALIMENTS;Minéraux sel blocs;BLOC SODIOLIGO 12K UNIT;92,00;92,00;15,6;Liquidé
507984;03/09/2012;SEMENCES;Blé tendre;BTH S CAPHORN R1 GAU+RED 25KG;12,50;12,50;85,17;Liquidé
507984;03/09/2012;SEMENCES;Blé tendre;BTH S AREZZO R1 GAU+RED+LAT S25KG;7,50;7,50;115,41;Liquidé
507984;03/09/2012;SEMENCES;Blé tendre;BTH S EUCLIDE R1 GAU+RED 25KG;12,50;12,50;85,17;Liquidé
507984;03/09/2012;SEMENCES;Blé tendre;BTH S EUCLIDE R1 GAU+RED 25KG;1,00;1,00;88,8;Liquidé
507984;03/09/2012;SEMENCES;Blé dur;BD S MIRADOUX R1 GAU+RED 25KG;12,50;12,50;109,15;Liquidé
507984;03/09/2012;SEMENCES;Blé dur;BD S MIRADOUX R1 GAU+RED 25KG;1,00;0,00;113,69;Liquidé
507984;03/09/2012;SEMENCES;Orge hiver escourgeon;ESC S ARTURIO R1 GAU+RED 25KG;7,00;6,50;94,85;Liquidé
505347;29/08/2012;QUINCAILLERIE EQUIPEMENT;Films plastiques;FILM ENSIL ENSIGAMM 10m;1,00;1,00;75,5;Liquidé
505347;29/08/2012;QUINCAILLERIE EQUIPEMENT;Films plastiques;FILM ENSIL ENSIGAMM 8M;1,00;1,00;75,5;Liquidé
482077;09/07/2012;FERTILISANTS;Engrais;AMMONITRE 33,5%    VR;1,10;1,10;395;Liquidé
476352;29/06/2012;ALIMENTS;Céréales;MAIS CASSE EN 25 KG CRAFT;1,00;1,00;8,15;Liquidé
476352;29/06/2012;ALIMENTS;Minéraux sel blocs;SEL  MER AGRICOLE TORRE en 25 KGS;1,00;1,00;5,62;Liquidé
476352;29/06/2012;QUINCAILLERIE EQUIPEMENT;Ficelles;FICELLE FILOGAMM  350  BOB 5KG;4,00;4,00;9,25;Liquidé
460519;06/06/2012;SEMENCES;Divers;MOHA 25KG;3,00;3,00;56,25;Liquidé
460519;06/06/2012;SEMENCES;Légumineuses fourragères;TREFLE ALEXANDRIE   S10K;4,00;4,00;35,6;Liquidé
455858;30/05/2012;ALIMENTS;Minéraux sel blocs;SEL  MER AGRICOLE TORRE en 25 KGS;3,00;3,00;5,62;Liquidé
454787;29/05/2012;FERTILISANTS;Engrais;UREE GR VRAC;0,34;0,34;476;Liquidé
450233;23/05/2012;ALIMENTS;Compléments nutritionnels;BICARBONATE DE SOUDE 25 KG;0,40;0,40;510,51;Liquidé
439921;09/05/2012;SEMENCES;Couverts environnementaux enherbeme;MELANGE ESTIVAL S25KG;4,00;0,00;71,2;Supprimé
439953;09/05/2012;PHYTOSANITAIRES;Adjuvants;TECHNOMOUSSE 500 ML;1,00;1,00;20,4;Liquidé
439953;09/05/2012;QUINCAILLERIE EQUIPEMENT;Recyclage;SAC ADIVALOR 500L;2,00;2,00;0;Liquidé
439953;09/05/2012;ALIMENTS;Minéraux sel blocs;SEL  MER AGRICOLE TORRE en 25 KGS;3,00;3,00;5,62;Liquidé
439953;09/05/2012;SEMENCES;Divers;SORGHO ENSILAGE BMR 333    220MG;5,00;5,00;87,75;Liquidé
439953;09/05/2012;QUINCAILLERIE EQUIPEMENT;Films plastiques;FILM ENSIL ENSIGAMM 8M;1,00;1,00;75,5;Liquidé
439953;09/05/2012;QUINCAILLERIE EQUIPEMENT;Films plastiques;FILM ENSIL ENSIGAMM 10m;1,00;1,00;75,5;Liquidé
439953;09/05/2012;QUINCAILLERIE EQUIPEMENT;Films plastiques;FILM ENSIL ENSIGAMM 12m;1,00;1,00;75,5;Liquidé
439953;09/05/2012;QUINCAILLERIE EQUIPEMENT;Films plastiques;FILM ENSIL SILOVERT NOIR VERT 150Âµ 14M;1,00;1,00;102,15;Liquidé
432774;24/04/2012;QUINCAILLERIE EQUIPEMENT;Equipement stockage phytos;ARMOIRE DE STOCKAGE 0.5 M3 GRISE 3 BACS;1,00;1,00;390;Liquidé
428672;17/04/2012;FERTILISANTS;Engrais;AMMONITRE 33,5%    BB;0,60;0,60;413;Liquidé
427862;16/04/2012;FERTILISANTS;Engrais;AMMONITRE 33,5%    VR;6,72;6,72;395;Liquidé
393150;24/02/2012;FERTILISANTS;Engrais;AMMONITRE 33,5%    VR;5,00;5,00;395;Liquidé
393150;24/02/2012;FERTILISANTS;Engrais;UREE GR VRAC;5,00;5,00;398;Liquidé
378882;18/01/2012;PHYTOSANITAIRES;Fongicides céréales;FANDANGO S 5 L;50,00;50,00;34,12;Liquidé
378882;18/01/2012;PHYTOSANITAIRES;Fongicides céréales;BALMORA 5 L;10,00;10,00;25;Liquidé
378882;18/01/2012;PHYTOSANITAIRES;Herbicides maïs;ISARD 5 L;15,00;15,00;26,54;Liquidé
378882;18/01/2012;SEMENCES;Maïs classe a;MA.LG3490 CRUISER 50MG;10,00;10,00;137,03;Liquidé
378882;18/01/2012;SEMENCES;Maïs classe a;MA.BOOMER 50MG;10,00;10,00;99,75;Liquidé
378882;18/01/2012;SEMENCES;Maïs classe a;MA.BERGXXON 50MG;11,00;11,00;94,83;Liquidé
378916;18/01/2012;PHYTOSANITAIRES;Fongicides céréales;CEANDO 5 L;35,00;0,00;39,64;Liquidé
367471;01/12/2011;PHYTOSANITAIRES;Herbicides céréales et fouragères;MATIN EL 10 L;20,00;20,00;9,8;Liquidé
367471;01/12/2011;PHYTOSANITAIRES;Herbicides céréales et fouragères;MEXTRA 5 L;20,00;20,00;18,25;Liquidé
367179;30/11/2011;FERTILISANTS;Engrais;AMMONITRE 33,5%    VR;10,00;10,00;404;Liquidé
361209;14/11/2011;PHYTOSANITAIRES;Nettoyants;HIVERNAGE PULVERISATEUR 10L;10,00;10,00;2,98;Liquidé
361375;14/11/2011;SEMENCES;Blé tendre;BTH S CAPHORN R1 CEL GOLD NET 25KG;2,50;2,50;65,9;Liquidé
359550;08/11/2011;LOGISTIQUE AGROFOURNITURES;Location semoir;LOC.SEMOIR ENGR.COOP;32,71;32,71;7;Liquidé
357422;02/11/2011;SEMENCES;Blé tendre;BTH S EUCLIDE R1 CEL GOLD NET 25KG;1,00;1,00;66,7;Liquidé
349879;11/10/2011;SEMENCES;Divers;AVOINE D'HIVER N UNE DE MAI EN S20KG;5,20;5,20;77,08;Liquidé
343933;21/09/2011;PHYTOSANITAIRES;Herbicides totaux;BUGGY PLUS 100 L;100,00;100,00;4,14;Liquidé
338515;06/09/2011;QUINCAILLERIE EQUIPEMENT;Films plastiques;FILM ENSIL ENSIGAMM 14m;2,00;2,00;83,5;Liquidé
338515;06/09/2011;QUINCAILLERIE EQUIPEMENT;Films plastiques;FILM ENSIL ENSIGAMM 10m;2,00;2,00;83,5;Liquidé
338515;06/09/2011;QUINCAILLERIE EQUIPEMENT;Films plastiques;FILM ENSIL ENSIGAMM 8M;1,00;1,00;83,5;Liquidé
338515;06/09/2011;ALIMENTS;Minéraux sel blocs;SEL  MER AGRICOLE TORRE en 25 KGS;4,00;4,00;5,62;Liquidé
330121;05/08/2011;LOGISTIQUE AGROFOURNITURES;Location semoir;LOC.SEMOIR ENGR.COOP;40,04;40,04;7;Liquidé
328660;02/08/2011;SEMENCES;Graminées fourragères;RAY G. HYB. BAHIAL 10KG;18,00;18,00;36,61;Liquidé
328660;02/08/2011;SEMENCES;Graminées fourragères;DA.LAZULY 10KG;4,00;4,00;57,9;Liquidé
328660;02/08/2011;SEMENCES;Légumineuses fourragères;TREFLE V. SEGUR 10KG;7,00;7,00;71,5;Liquidé
328660;02/08/2011;SEMENCES;Légumineuses fourragères;LUZERNE COMETE   S10K;6,00;6,00;65,72;Liquidé
328673;02/08/2011;SEMENCES;Légumineuses fourragères;VESCE VELUE SAVANE HIVER 10KG;20,00;20,00;36,5;Liquidé
328673;02/08/2011;SEMENCES;Couverts environnementaux enherbeme;ACTISOL ECO S25KG;18,00;18,00;30,6;Liquidé
328678;02/08/2011;SEMENCES;Divers;AVOINE D'HIVER N  EVORA CEL NET S25KG;5,25;0,00;77,08;Liquidé
328678;02/08/2011;SEMENCES;Blé tendre;BTH S CAPHORN R1 GAU+RED+LAT S25KG;15,00;15,00;103,58;Liquidé
328678;02/08/2011;SEMENCES;Blé tendre;BTH S EUCLIDE R1 GAU+RED 25KG;28,00;28,00;78,95;Liquidé
328678;02/08/2011;SEMENCES;Blé dur;BD S MIRADOUX R1 GAU+RED 25KG;16,00;16,00;95,47;Liquidé
322851;19/07/2011;ALIMENTS;Céréales;BLE EN 25 KG CRAFT;4,00;4,00;7,91;Liquidé
304369;26/05/2011;SEMENCES;Divers;MOHA 10KG;15,00;15,00;22,5;Liquidé
281969;18/04/2011;PHYTOSANITAIRES;Anti-limaces;MESUROL PRO 20 KG;80,00;80,00;8,65;Liquidé
277678;12/04/2011;SEMENCES;Maïs classe a;MA.LG30533 CRUISER 50MG;10,00;10,00;131;Liquidé
277678;12/04/2011;SEMENCES;Maïs classe a;MA.LG3490 CRUISER 50MG;1,00;1,00;136,5;Liquidé
270186;01/04/2011;ALIMENTS;Minéraux sel blocs;BLOC SODIOLIGO 12K UNIT;192,00;91,00;14,98;Liquidé
270186;01/04/2011;ALIMENTS;Minéraux sel blocs;BLOC SODIOLIGO 12K UNIT;14,00;0,00;0;Liquidé
259413;16/03/2011;SEMENCES;Maïs classe a;MA.LG3530 CRUISER 50MG;11,00;0,00;131;Liquidé
237057;04/02/2011;PHYTOSANITAIRES;Herbicides maïs;ISARD 5 L;35,00;35,00;27,54;Liquidé
237057;04/02/2011;PHYTOSANITAIRES;Herbicides maïs;RITMIC 5 L;15,00;15,00;25,49;Liquidé
237057;04/02/2011;PHYTOSANITAIRES;Herbicides maïs;CALLISTO 5 L;20,00;20,00;44,2;Liquidé
237057;04/02/2011;PHYTOSANITAIRES;Fongicides céréales;FANDANGO S 5 L;50,00;50,00;35,12;Liquidé
237057;04/02/2011;PHYTOSANITAIRES;Fongicides céréales;BALMORA 5 L;5,00;5,00;32,05;Liquidé
237057;04/02/2011;PHYTOSANITAIRES;Anti-limaces;MESUROL PRO 5 KG;80,00;0,00;9,62;Liquidé
237057;04/02/2011;SEMENCES;Maïs classe a;MA.BOOMER CRUISER 50MG;10,00;10,00;135,9;Liquidé
237057;04/02/2011;SEMENCES;Maïs classe a;MA.LG30533 CRUISER 50MG;11,00;0,00;131;Liquidé
237057;04/02/2011;SEMENCES;Maïs classe a;MA.BERGXXON 50MG;21,00;21,00;95,5;Liquidé
232206;26/01/2011;FERTILISANTS;Engrais;AMMONITRATE 27%  VR;20,00;20,00;313;Liquidé
190703;10/09/2010;SEMENCES;Blé tendre;BTH S CAPHORN R1 GAU+RED 25KG;10,00;10,00;74,15;Liquidé
190703;10/09/2010;SEMENCES;Blé tendre;BTH S PREMIO R1 GAU+RED 25KG;18,50;18,50;73,17;Liquidé
190703;10/09/2010;SEMENCES;Blé tendre;BTH S EUCLIDE R1 GAU+RED 25KG;12,50;11,50;73,26;Liquidé
190703;10/09/2010;SEMENCES;Blé dur;BD S MIRADOUX R1 GAU+RED 25KG;12,50;12,50;90,08;Liquidé
